-- phpMyAdmin SQL Dump
-- version 4.7.4
-- https://www.phpmyadmin.net/
--
-- Host: 127.0.0.1:3306
-- Generation Time: Jun 23, 2018 at 05:24 AM
-- Server version: 5.7.19
-- PHP Version: 5.6.31

SET SQL_MODE = "NO_AUTO_VALUE_ON_ZERO";
SET AUTOCOMMIT = 0;
START TRANSACTION;
SET time_zone = "+00:00";


/*!40101 SET @OLD_CHARACTER_SET_CLIENT=@@CHARACTER_SET_CLIENT */;
/*!40101 SET @OLD_CHARACTER_SET_RESULTS=@@CHARACTER_SET_RESULTS */;
/*!40101 SET @OLD_COLLATION_CONNECTION=@@COLLATION_CONNECTION */;
/*!40101 SET NAMES utf8mb4 */;

--
-- Database: `the news world`
--

-- --------------------------------------------------------

--
-- Table structure for table `categories`
--

DROP TABLE IF EXISTS `categories`;
CREATE TABLE IF NOT EXISTS `categories` (
  `id` int(11) NOT NULL AUTO_INCREMENT,
  `name` varchar(255) NOT NULL,
  `created_at` timestamp NOT NULL DEFAULT CURRENT_TIMESTAMP,
  PRIMARY KEY (`id`)
) ENGINE=MyISAM AUTO_INCREMENT=3 DEFAULT CHARSET=latin1;

--
-- Dumping data for table `categories`
--

INSERT INTO `categories` (`id`, `name`, `created_at`) VALUES
(1, 'Technology', '2018-06-03 11:10:27'),
(2, 'Entertainment', '2018-06-03 11:10:27');

-- --------------------------------------------------------

--
-- Table structure for table `comments`
--

DROP TABLE IF EXISTS `comments`;
CREATE TABLE IF NOT EXISTS `comments` (
  `id` int(11) NOT NULL AUTO_INCREMENT,
  `post_id` int(11) NOT NULL,
  `name` varchar(255) NOT NULL,
  `email` varchar(255) NOT NULL,
  `body` text NOT NULL,
  `created_at` timestamp NOT NULL DEFAULT CURRENT_TIMESTAMP,
  PRIMARY KEY (`id`)
) ENGINE=MyISAM AUTO_INCREMENT=8 DEFAULT CHARSET=latin1;

--
-- Dumping data for table `comments`
--

INSERT INTO `comments` (`id`, `post_id`, `name`, `email`, `body`, `created_at`) VALUES
(1, 2, 'lara', 'lara@gmail.com', 'great post..', '2018-06-04 22:06:39'),
(2, 2, 'bro', 'hello@gmail.com', 'awesome job', '2018-06-04 22:11:54'),
(3, 3, 'john', 'biswajeetsahoo54@gmail.com', 'nice one', '2018-06-05 15:52:49'),
(4, 10, 'sambit', 'parida@gmail.com', 'awesome man..grand salute', '2018-06-06 18:15:29'),
(5, 8, 'lara', 'lara@gmail.com', 'good', '2018-06-06 20:07:20'),
(6, 8, 'unknown', 'abc@gmail.com', 'not good', '2018-06-06 20:08:48'),
(7, 10, 'parida', 'parida@gmail.com', 'good..', '2018-06-06 20:35:32');

-- --------------------------------------------------------

--
-- Table structure for table `discuss`
--

DROP TABLE IF EXISTS `discuss`;
CREATE TABLE IF NOT EXISTS `discuss` (
  `id` int(11) NOT NULL AUTO_INCREMENT,
  `forum_id` int(11) NOT NULL,
  `name` varchar(255) NOT NULL,
  `body` text NOT NULL,
  `created_at` timestamp NOT NULL DEFAULT CURRENT_TIMESTAMP,
  PRIMARY KEY (`id`)
) ENGINE=MyISAM AUTO_INCREMENT=2 DEFAULT CHARSET=latin1;

--
-- Dumping data for table `discuss`
--

INSERT INTO `discuss` (`id`, `forum_id`, `name`, `body`, `created_at`) VALUES
(1, 1, 'roshan', 'Is it easy?How many from a branch are allowed to change?How many to a branch are allowed to change?\r\nI wish to change to ECE from Food technology ', '2018-06-21 12:29:29');

-- --------------------------------------------------------

--
-- Table structure for table `forum`
--

DROP TABLE IF EXISTS `forum`;
CREATE TABLE IF NOT EXISTS `forum` (
  `id` int(11) NOT NULL AUTO_INCREMENT,
  `title` varchar(255) NOT NULL,
  `username` varchar(255) NOT NULL,
  `slug` varchar(255) NOT NULL,
  `body` text NOT NULL,
  `created_at` timestamp NOT NULL DEFAULT CURRENT_TIMESTAMP,
  PRIMARY KEY (`id`)
) ENGINE=MyISAM AUTO_INCREMENT=5 DEFAULT CHARSET=latin1;

--
-- Dumping data for table `forum`
--

INSERT INTO `forum` (`id`, `title`, `username`, `slug`, `body`, `created_at`) VALUES
(1, 'Branch change and difficulties', 'rocky', 'one', 'JEE Main Counselling & Seat Allotment is scheduled to start in the month of June 2018. JEE Main Counselling is held concurrently with JEE Advanced 2018 Counselling and is called as JoSAA. Joint Seat Allocation Authority (JoSAA) will handle the JEE Main counseling and seat allotment for the year 2018. By qualifying JEE Main 2018 Engineering Entrance Exam, candidates can get admission in various Under Graduate Courses in the field of engineering & architecture. The previous year, a number of 97 colleges and institutes participated in counselling held by JoSAA. Top Indian colleges like IITs, NITs & other institutions consider JEE Main score for granting admissions to applicants. To get an admission to any IITâ ', '2018-06-19 13:37:03'),
(2, 'Nitrutasav 2018', 'subham', 'two', 'Why the article \"Rewinding the tape:Nitrutsav 2k18\" is removed from the website.It was a very good work from team MM for bringing the truth in front of NITR junta. ', '2018-06-19 13:39:12'),
(3, 'Mess Food in Hostel', 'Sahoo', 'Mess-Food-in-Hostel', 'Mess food is becoming too worst day by day. It was also observed that caterers are not changed since long time but they just changed halls. I think losing the contract fear in catrer may increase food quality and food taste. Let us have a discussion on this topic ', '2018-06-20 10:50:07');

-- --------------------------------------------------------

--
-- Table structure for table `posts`
--

DROP TABLE IF EXISTS `posts`;
CREATE TABLE IF NOT EXISTS `posts` (
  `id` int(11) NOT NULL AUTO_INCREMENT,
  `category_id` int(11) NOT NULL,
  `user_id` int(11) NOT NULL,
  `title` varchar(255) NOT NULL,
  `slug` varchar(255) NOT NULL,
  `post_image` varchar(255) NOT NULL,
  `body` text NOT NULL,
  `created_at` timestamp NOT NULL DEFAULT CURRENT_TIMESTAMP,
  PRIMARY KEY (`id`)
) ENGINE=MyISAM AUTO_INCREMENT=12 DEFAULT CHARSET=latin1;

--
-- Dumping data for table `posts`
--

INSERT INTO `posts` (`id`, `category_id`, `user_id`, `title`, `slug`, `post_image`, `body`, `created_at`) VALUES
(2, 2, 0, 'Post Five', 'Post-Five', 'drone.jpg', '<p><strong>Hello</strong><strong> World I am Biswajeet Sahoo. this is edited.</strong>...... wtf..&quot;Lorem ipsum dolor sit amet, consectetur adipiscing elit, sed do eiusmod tempor incididunt ut labore et dolore magna aliqua. Ut enim ad minim veniam, quis nostrud exercitation ullamco laboris nisi ut aliquip ex ea commodo consequat. Duis aute irure dolor in reprehenderit in voluptate velit esse cillum dolore eu fugiat nulla pariatur. Excepteur sint occaecat cupidatat non proident, sunt in culpa qui officia deserunt mollit anim id est laborum.&quot;</p>\r\n', '2018-06-04 08:37:15'),
(3, 1, 0, 'Post Four', 'Post-Four', '', '<p><strong>Hello</strong><strong> World I am Biswajeet Sahoo. this is edited.</strong>...... hey bye.&quot;Lorem ipsum dolor sit amet, consectetur adipiscing elit, sed do eiusmod tempor incididunt ut labore et dolore magna aliqua. Ut enim ad minim veniam, quis nostrud exercitation ullamco laboris nisi ut aliquip ex ea commodo consequat. Duis aute irure dolor in reprehenderit in voluptate velit esse cillum dolore eu fugiat nulla pariatur. Excepteur sint occaecat cupidatat non proident, sunt in culpa qui officia deserunt mollit anim id est laborum.&quot;</p>\r\n', '2018-06-02 05:10:03'),
(8, 1, 2, 'post one', 'post-one', 'ask-question.jpg', '<p>this is post one</p>\r\n', '2018-06-05 15:55:59'),
(10, 2, 2, 'post Two', 'post-Two', 'noimage.jpg', '<p><em><strong>Hello everyone...this is post two...</strong></em></p>\r\n\r\n<p><img alt=\"\" src=\"https://yt3.ggpht.com/a-/ACSszfH4rgI-WIVE6ZZqYZK-8oCZyEY_L8-FhvJarA=s900-mo-c-c0xffffffff-rj-k-no\" style=\"height:400px; width:400px\" /></p>\r\n\r\n<p>&nbsp;</p>\r\n\r\n<p>&nbsp;</p>\r\n\r\n<p>bye everyone..have a good day....kakdkaai</p>\r\n', '2018-06-06 18:14:19'),
(11, 1, 3, 'local', 'local', 'noimage.jpg', '<p><img alt=\"\" src=\"data:image/jpeg;base64,/9j/4AAQSkZJRgABAQAAAQABAAD/2wCEAAkGBxISEBUSEhAVFRUVFQ8VFRUVEA8VEBUPFRUWFhUVFRUYHSggGBolHRUVITEhJSkrLi4uFx8zODMtNygtLisBCgoKDg0OFxAQGi0eHx8tLS0tLS0tKy0vKy0tLS0tLS0tLS0tLy0tLS0tLSstLS0tLS0tLS0tKy0rLS0rLS0rK//AABEIALcBEwMBIgACEQEDEQH/xAAbAAACAwEBAQAAAAAAAAAAAAACAwABBAUGB//EADcQAAICAQIDBQYEBgIDAAAAAAABAhEDBCESMUFRYXGBkQUTFCKhsULB0fAyUmJy4fEGojOCkv/EABoBAAMBAQEBAAAAAAAAAAAAAAABAgMEBQb/xAApEQACAgICAgEEAAcAAAAAAAAAAQIRAyESMQQTQRQiUWEyUoGh4fDx/9oADAMBAAIRAxEAPwD5nMUxkmKkdh5MQJC2HIFsRqgS6IEgGQtIlBIYmQoIECSFohaQxloKi0i6GIGg0ig0gEXFBxREg4oDRESCUQoxGRiAwVENQGQgHGIwsU4g8I+cQVEB2AomnToWoj8C3AjI9HRxR2KURuOPyhKBrejwPInTozS5mvSZDJlW4emdMhmM4XCzuQybC9RlpCFlMupz2ZxRx48LlKkIzTtmaQcpAUW2fRePgUIgNMhdFiOrieXkLkHJi2ZjQEgAmQDRFUWQsALRaKQQyWRlEZaACBwiCMxoYBLkVQxIFgAKDigUh0IgNIKMRsYlxgNjEBtgxiMjEtRGwgBLkVGI2MAoQHQgUYvJRmyRBUR+SJSgI0U9ClEfijuUoj8UQInk0bcS2GuOwOFDsipFTlR85lnc2c3JzJjdEZBWd0cfKCQx5BM5AtlMVnbg8eMCiFpF0B1FUQuiDA8gwJBSBZkWgCFlgUVRCyDERFkLARQSIkEhgUOxxAih8EAMlAMdJCpANFRRqxxE4VubcMAQN0XGI6MS4wGxiM5p5UgFEbGJSiacWKwRy5fJpAwgOjjNGLAaHg2LtI87J5Db7OTNblUMnHcnASzsXkUkgYodjiVDGa8OIXJIwy+Q2h+njsDq50hy2RztTltmHLlI48MHkmJBkyNlG1nv4oUiUQhAs3shCFjKIUWQAPGtglspEFELRVFgMjIQgCJRZC0hgXFBURIsLAKCNMEJxo040BMwMiFNDpi2gsqPQ3TR3OhigI0mM6OLHsP4OLPnq0BCA6OIdjxjlAiU6PMnltmeGI6Om04vHA6emiqM3kOTPldF4NMN1OKos14WjH7UzqqRPNtnBGUpTSOGsZfux6iFGA3kPQcwMWI0xjRNktzBqtd0RHJz6JhCeV1EPWajojA5AORDeMeKPb8fx1iQVlgl2VZ1pFosFFgUkWQhdDsZCBUQBniSEogiiEIWAEIQtIALSLSCoiAQUUWkWkHGIDRcYmnGtgIxNEYbCJkIkgFHc0SiBjjuDKukdHS4qjZstJIRllw44i8crYrs8OVzuTN8JjOMVGGxl1OWmZTV6Riocno62LcfHI0cnTamjbDUoyaaMMmJpm5ZpUL4G+Yh61CMvtHsElJmccUvhHQ4EuYnNrIx5HJzayT6ibNI4f5jrw+Hyf3s06jVuXgIKojN1SVI9TFjUFUUWiwUEkM6KLRaREgkhWUiJBJESCSCxlJBUWkEkFgVRAiBYHhSUXRKGWCFe1V279en78yUXQCKSGQiUkPhHYCXKgGiorcKQ3S47YEuVK2VwjcUBixbj8OEnkjKWekBDGaViNOn0jZq+D2J9iOWfmJaOVOAGKBtz4aMzQ+Vmq8jlEZrcv8ACuxF6LeRkyMbpM3C7F0jKUKx0ju5aUTkZd5Nh59daMvvTLGpds58OKUVbNWMemc74gv4hltMp4mzdKYiUxDyMpMpIqOMcmFYuIaHZ0QUUGmWikEhWbplpBFJlphZathJBJA8RfEBaiw0gkLsKxmigGSwLLGUsYdkBIBXrPArNLqi/ia5odwPrt40yp8S5tPvpcidiuL+Co54vr9GNhNPk0ZGr7K7UKlia7/UOTH64v5OrFDcjpUcvTZJLk77ndUbIZ0/4tn9B8rMZ4mmMSO/7L0D4HKjgYtTBNOT2vsZ7LF7TwR064cuNt9OON+a5nJ5ed44pRW2ed5zyRSUU9mWGh25GrDoTND2jKTpVR0NNxS6nFPNOKubo83K8kV92jfpdIqG5tOuFgYduo3UZVwczkflpS7PNk5cjiajEc/Pgo16rVJS5g59TFwu9z0ceWSo9PHzVHEzcxaZeSW4MWehZ6i6GMoFstByFQSRcUUi0xchMckQX70rjDYljkxyYUWIUi1IdHRDxvyaVIvjEKQSY6OmOJIdxBWKQaGbKCDTDQEUGkBaiEgkSKDSAqikgki0gkgsYNEGcJAsD5jHLKPKT9bNuLWqT4WvN+Bg25vfusG+wzTaKljjI68IQa4o+v8AslNPmvOjmafM4uuKr/pbVjMuXfmny/DRXIweF32dLwe/cVkhfQxaXNFN3t2XyNbyc7jyre+3tQ0zOUGmJenlzpMuOntcqH45cVtNoON1uOgeSS0ZtNlnjl8k2ufXp4dTr4v+RamFbxfb8n3pmBpPa9/AJx23ZjkwY8mpJMzyLHk/jin/AEOrD/lE3/Eq6fLuvqXl9up7e89VI4qxfvYqcY9TJeFhXUUjD6TBeo0dKetj/OvUKOW1zOPwLoXGLXJtG3q1ov6ePwzqyZcZI5scs+2/Gi3qnyr7oKY147Z0XkQPvTGtSu/0DjkT5MpIa8dLs0e8JxibLsqiljih3EWpCrCTGXSHJhxYlMZFgWh0WMiKixkQLQ2IyIER0UBSLihkUVFDYxFZSRIoNIuMTH7Q9q4sO0ncqvhirlX2XmIo20EkcDJ/yfHwS4YS4/wxlXC33tM5cvbuqkucYf2xS+rtgJtI9okWfOcmtyt377J5SnRBBZnWjfWUV5ip40qSfFz5WNx6xp/NFPv5P1NMdZHomr57Lb0FoTc18WYlKSTVOtr2+l9gvhZ0ZZcblvkW3bDYqWDE3fvKvomvzHQeyu1/Y5/A+g7HlcWmpX3fNVdm5oySUflgrp3+FpmZaWb/AAvz2FRSkn2aMmqVpwTXan9u804tVF3vXjRydwoSaaafmCk0TLDFo6OTOqbi3J9nTxFvUN7ySj57vyGvG5Q2a/uT4PWxOP5NsifdsqGzOKjX+2DHVb9nY/1NCnJrmn03rb9THqYw5r0TtfbYkI/K386rdPoTv4Zrxg1tG3S6hJ/Or8uoPxDt3SvlsmjM89reO7rq7ffyG4oca23++xLb7ZahH4QvPqJN9ldnIbhy7q+XPfqAo7NfvuJPHw/ddyfMV2VxSDlJN/Ld/Y0QafTyox7PrVdepfH2t7L1Gm0ROCa0b/evs+pfxC7PsYZt9H0fgKeSXNmnI5/SzpfFLlT9BmPOnyfl19DkSm3+q6mnHcluvMdiljpHUUxkchzcLklu/wDQWOc09pX3OKf1Kshd0dWEzRj8Dkx101zUPR/qFk9sSj+GPo3+YWWvwegxYGzRLTqMeKU4xS5t7JeZ5Re28zW0kv8A1Vox5dRPJvOTfY2/suhLNeSR28/t/esUL/qlaXkv1MWq9qZ5qnPgX9Hyv1u/qYFJ1tt39RUabrilfmwM+TZ0oe18qVe/fm4t+r3Odr87cuLaUpbt3bsdHSf1L0FZMUk6UfNVQMUZK+zMnPpz+ozilycb8ldG/HCuy/Ci6XmNRE8y/BmgoVyfoyGr3ZY+Jn7EcacXF01v6kxpt0lbZo+GVW5pvevm28e8bouCNy4raW+zpIzSOt5KjrZePQKvmu+6inoYxdyace9tP/Ix+0Yd/ojFqtRxO0q89qLfEyh7W96RpnqIqFY6T70uKu4we8vqRvtK27PqQ3Z0Qgol2iOLXNNWSNGqOeUlwLfp05dwUDbXRlxz6HRwaramlLss58sai2pc+1OwEw6FOCmdbVYMbjxRlGPltfpZjwKDdSk0u23TEtOioz7Btkxg1GrHZ5q+HiuP9K2/2VptQ4NOD59vaKkr3WwCRL2aRVHRefiXFKLtXyTppcwoS8Gn380ZdJkp05fK+e2z8TZm00Gri/Bq3y8BevWiZZuMqaE58e9xT36GeSY/SzVtOW+/NSG8SupOD59Oo1EHlp1RiizTjxykulLbpfgaJZIpXUfN1+RbzPZqFrtUkVxMZZW+kDpMa/lrx6mrhS/ewmWWXSHq0KcHJVNJ+DpFGV27ZolFAvGJx5ccNr4e5uw/iofzfR0NNEuMr0i3hb6/T8yvhE/9lx1EP516hcafKcf35hSFc1+ie4SWyRlzaSbd8QWfPTriT/tX3e4jJOXbL1f5pCbRrjjNbs0RxS6hQi+yvQx/EtbNu14Fy1ClzlJeFV9BWivXJm9MOMzLixTq4y4k+kkOx5t6lFx7/wAPqWmYSj+NjVIkvAPhK4SjO0BZA+Aggsye5hCO6W3VpW2c2eROXyxpdgep1Ll4dnYIRk3Z6OKDW5PYyMaAlzDjO1RTQi1+wZA2WuYaSfYIoWFxEcStt78gAkYt8hscTr98hcMjXIKOZ9QE7CjLaily3KyVzVotZlW6AVF8NFyihan38wgCiJGz2fKO8Xs+jTavu7DJZO8aJlHkqOpOD6OflGKfqZ1iy3081G/Mfo9VxJLql6mkukzjc5QdNGfFpefE7vp08Nx0FGOy27ugUlsYMkMi/Gq7duXePoSufbNaTbdu13Kmv1F5IpS/8lPsdPfwMkc87pTt9nTyYz4O3du+9OxXZfDi9sblTVLiTvq4/ejPknXVPw2Q5YsnSQvJhydil5R+gmVGvyiY5x2bf/a16MbGre8afck/VGKHOq8rr7h6i10i+9WvIVluG6Hww47q732+bc0xtcvmXe1Zy45K5wj9f2g56p38jY00KWKT/wAm3LOMueO//ltCp6bHfKUb8KNGJNreUW/7Rc8nNOVd9tL6oZlFtaRqxSiklxRfml9Bvgr9DEpQa3kn5K/p+hMS/kUq7nHh+5XIyeM1vJ/TL0v7FQyJ9GvFNEWSXVet/lYy33eo0ZtV/wBFScr2jfmQZb7PsQAv9HmuZRRDE9goNPYhBAVKikQgwCUXe/3Df8SaVLvdkIIQtLmFCiiDGNUu7oA4r92QgElSxdbLtpbkIJjRXEWns1+0yEAdBaXJwyT/AHXU7yiQhpA4vLXTL4RE1JbKEa8ef0IQpnLGVMyT0bVt1XOq28LW4yGqpbwddfmTLIQ9PR0xfsX3FRzRlb95Lfu/wUsi4qTTffFqyECzTglY3PwWlJfcHEsfJLv6/voQgzNR+3sd7u18rvrvfLxF5Fwq+Bd/L8yEKoxUnyoPHNtcWy7qELJFv5oxve+f2LISzWKVsv4Xs4fJNP1Bek4VtOS89iyA0R7JXRax5NuHLfiv8BvPOC+aKfen+RCDrVhF8pcWiL2lHsf0IQhHNnV9LjP/2Q==\" style=\"height:183px; width:275px\" /></p>\r\n\r\n<p>kaodpapskdpa</p>\r\n', '2018-06-07 04:01:19');

-- --------------------------------------------------------

--
-- Table structure for table `users`
--

DROP TABLE IF EXISTS `users`;
CREATE TABLE IF NOT EXISTS `users` (
  `id` int(11) NOT NULL AUTO_INCREMENT,
  `name` varchar(255) NOT NULL,
  `email` varchar(255) NOT NULL,
  `username` varchar(255) NOT NULL,
  `password` varchar(255) NOT NULL,
  `register_date` timestamp NOT NULL DEFAULT CURRENT_TIMESTAMP,
  PRIMARY KEY (`id`)
) ENGINE=MyISAM AUTO_INCREMENT=5 DEFAULT CHARSET=latin1;

--
-- Dumping data for table `users`
--

INSERT INTO `users` (`id`, `name`, `email`, `username`, `password`, `register_date`) VALUES
(1, 'rocky', 'rocky@gmail.com', 'rock', '827ccb0eea8a706c4c34a16891f84e7b', '2018-06-05 10:20:11'),
(2, 'lara', 'larasahoo@gmail.com', 'lara', '827ccb0eea8a706c4c34a16891f84e7b', '2018-06-05 14:03:18'),
(3, 'mahesh rana', 'mr33325@gmail.com', 'mr33325', 'e807f1fcf82d132f9bb018ca6738a19f', '2018-06-07 03:52:27'),
(4, 'bhuban', 'Vhuban12@gmail.com', 'rebel bhuban', 'ae6aa7365359bd7185be714b6e8270e0', '2018-06-07 15:54:43');
COMMIT;

/*!40101 SET CHARACTER_SET_CLIENT=@OLD_CHARACTER_SET_CLIENT */;
/*!40101 SET CHARACTER_SET_RESULTS=@OLD_CHARACTER_SET_RESULTS */;
/*!40101 SET COLLATION_CONNECTION=@OLD_COLLATION_CONNECTION */;
